config,n_pairs,mean_rmse_delta,median_rmse_delta,t_p_rmse,w_p_rmse,mean_da_delta,median_da_delta,t_p_da,w_p_da
full_model,45,-26.39620792827324,-3.1304422814099064e-05,0.24315483166673726,0.006467745645531227,-1.4019134223737804,0.0,0.3815466476752488,0.6844698210251553
news_only,45,-23.747925577135252,-0.0003512186274315012,0.2939265576111935,0.013065561731613122,3.1579677144893343e-16,0.0,0.9999999999999998,1.0
prompt_only,45,-22.970113047358062,0.0,0.3099179730123178,0.3774806885913661,0.581604622525339,0.0,0.09164124733266595,0.10247043485974937
tsfl_patch_news,45,-21.311847537007687,-0.00019872086132420065,0.34921071944037374,0.5540698016731318,-1.5136876006441216,0.0,0.2674218890919151,0.338724147759658
tsfl_word,45,-21.28405907686575,-0.0004255181089814,0.3492203591135439,0.21345741041671795,-1.5136876006441216,0.0,0.2674218890919151,0.338724147759658
tsfl_patch,45,-21.202498053689986,0.0,0.35259424285139096,0.5442307854898024,-0.9661835748792265,0.0,0.4404415876752441,0.4922069926558157
tsfl_signal,45,-21.029467492645363,-8.121461965829302e-05,0.3567918852949058,0.5300710715421311,-1.5136876006441216,0.0,0.2674218890919151,0.338724147759658
