config,n_pairs,mean_rmse_delta,median_rmse_delta,t_p_rmse,w_p_rmse,mean_da_delta,median_da_delta,t_p_da,w_p_da
prompt_only,45,-24.437790735133472,0.0,0.27780024530799396,0.6878546970101984,-0.8231505162451457,0.0,0.527854478690291,0.7150006546880893
full_model,45,-23.150367780230965,-0.00014496303928718257,0.3038980140900486,0.45110753148187444,-0.2742256322818982,0.0,0.8839532309908541,1.0
news_only,45,-21.56481881803058,-0.0010027989641052948,0.33772280618438333,0.33484475445413353,-0.6213886520791888,0.0,0.6386801999341232,0.32710690685446675
