rq,metric,n,mean_delta,t_p,w_p,sig_t,sig_w
RQ1,RMSE,45,-74.57470984142292,0.0018271208023607113,0.00022322297473920116,True,True
RQ1,DA,45,3.9983679856919285,0.20512250768288326,0.0841903160454649,False,False
RQ2,RMSE,45,0.5137912645103211,0.38863545575860414,0.008508767347564117,False,True
RQ2,DA,45,-1.0179894179894187,0.3189747944903661,0.5437442965735182,False,False
RQ3,RMSE,45,-2.786118254905707,0.049724359926366535,0.0073769910127339244,True,True
RQ3,DA,45,1.9920634920634923,0.3313972934816214,0.3101598347615837,False,False
RQ4,DA_interaction,45,2.0910052910052923,0.40708586336440666,0.2993282160929811,False,False
